{"cameraMode":{"drawMode":0,"name":"Shaded","section":"Shading Mode"},"sceneLighting":false,"audioPlay":false,"sceneViewState":{"m_AlwaysRefresh":false,"showFog":true,"showSkybox":false,"showFlares":true,"showImageEffects":true,"showParticleSystems":true,"showVisualEffectGraphs":true,"m_FxEnabled":true},"in2DMode":false,"pivot":{"x":0.002659827470779419,"y":2.004523277282715,"z":0.002071857452392578},"rotation":{"x":0.34123218059539797,"y":0.480879008769989,"z":-0.21044206619262696,"w":0.77977454662323},"size":3.2094922065734865,"orthographic":false}